{
	"users": [
  {
    "id": 6093,
    "fakeToken": "58ebfdf7f1f558c5c86e17f6",
    "name": {
      "first": "Ines",
      "last": "Lowe"
    },
    "login": "Warner",
    "password": "ea"
  },
  {
    "id": 2905,
    "fakeToken": "58ebfdf7ec92657b493b24da",
    "name": {
      "first": "Brock",
      "last": "Beasley"
    },
    "login": "Morales",
    "password": "id"
  },
  {
    "id": 3619,
    "fakeToken": "58ebfdf772a49d09aeee10a8",
    "name": {
      "first": "Aurelia",
      "last": "Franks"
    },
    "login": "Dale",
    "password": "consequat"
  },
  {
    "id": 3117,
    "fakeToken": "58ebfdf7b2bab0bdb97711f4",
    "name": {
      "first": "Serena",
      "last": "Henson"
    },
    "login": "Blackburn",
    "password": "consectetur"
  },
  {
    "id": 5357,
    "fakeToken": "58ebfdf7279c92a711dc8918",
    "name": {
      "first": "Carlson",
      "last": "Marsh"
    },
    "login": "Sparks",
    "password": "consectetur"
  },
  {
    "id": 7868,
    "fakeToken": "58ebfdf72728b878deec25aa",
    "name": {
      "first": "Rae",
      "last": "Gonzales"
    },
    "login": "Trujillo",
    "password": "ut"
  },
  {
    "id": 3044,
    "fakeToken": "58ebfdf7cdb7d7e179910a13",
    "name": {
      "first": "Dawson",
      "last": "Bowen"
    },
    "login": "Hobbs",
    "password": "sit"
  },
  {
    "id": 1461,
    "fakeToken": "58ebfdf7bf15103f01c22a77",
    "name": {
      "first": "Haney",
      "last": "Hill"
    },
    "login": "Lowe",
    "password": "elit"
  },
  {
    "id": 4128,
    "fakeToken": "58ebfdf743bcda131c777cd1",
    "name": {
      "first": "Gilda",
      "last": "Donaldson"
    },
    "login": "Lolita",
    "password": "ullamco"
  },
  {
    "id": 6622,
    "fakeToken": "58ebfdf7a36d4ad36cc693f8",
    "name": {
      "first": "Colleen",
      "last": "Day"
    },
    "login": "Olsen",
    "password": "in"
  }
]
}
